Edad,Ingresos,Historial Crediticio,Deuda Total,Historial de Pagos,target
47,71337,Malo,23760,Excelente,0
64,19745,Malo,752,Malo,0
23,67623,Malo,29352,Regular,0
23,35436,Malo,7737,Regular,0
35,20267,Bueno,4750,Malo,0
53,44721,Malo,492,Bueno,0
34,59367,Malo,30783,Regular,0
51,58902,Bueno,18776,Malo,0
28,48919,Bueno,11749,Regular,1
49,51150,Bueno,11059,Regular,1
21,56047,Bueno,15785,Regular,0
26,56347,Regular,8671,Excelente,0
69,48135,Malo,7224,Malo,0
64,56912,Malo,17083,Regular,0
46,54722,Regular,30320,Regular,0
27,33516,Regular,19406,Bueno,1
45,47575,Malo,26782,Bueno,0
20,45914,Malo,20463,Bueno,0
49,35779,Regular,14143,Excelente,0
65,66889,Malo,10202,Malo,0
25,29542,Bueno,8595,Malo,0
67,49392,Malo,20204,Malo,0
40,91851,Malo,36048,Excelente,0
41,88638,Malo,53038,Regular,0
20,86659,Bueno,27637,Bueno,1
65,64649,Regular,7982,Excelente,0
24,21632,Malo,3432,Excelente,0
50,59606,Regular,8632,Malo,0
22,66835,Bueno,32822,Bueno,1
58,72632,Bueno,22077,Malo,0
39,48005,Bueno,20061,Bueno,1
53,40548,Regular,18731,Regular,0
62,43891,Bueno,21966,Malo,0
70,77723,Regular,44065,Regular,1
39,33539,Bueno,5673,Regular,0
68,77667,Bueno,30309,Excelente,1
62,15792,Bueno,5550,Bueno,1
65,39547,Bueno,12826,Bueno,1
52,74338,Bueno,11889,Regular,1
54,78503,Malo,7411,Malo,0
42,54134,Malo,17192,Malo,0
26,88579,Malo,38336,Regular,0
62,44746,Malo,1026,Excelente,0
69,75741,Malo,28103,Bueno,0
64,44364,Regular,8551,Excelente,0
51,36182,Regular,16536,Malo,0
35,74793,Regular,35488,Bueno,1
54,60062,Malo,18388,Regular,0
43,94467,Regular,8801,Malo,0
53,31627,Malo,17373,Bueno,0
58,76529,Bueno,32403,Excelente,1
30,54307,Malo,24486,Malo,0
58,49102,Bueno,7790,Regular,0
63,52388,Bueno,19027,Regular,0
20,24940,Regular,11478,Malo,0
30,20459,Bueno,11207,Malo,0
38,80756,Regular,37852,Regular,1
69,49905,Regular,25660,Bueno,1
52,57676,Bueno,32371,Excelente,1
63,43401,Malo,20016,Malo,0
56,72777,Malo,41779,Bueno,0
48,52946,Regular,31131,Malo,0
21,34418,Regular,15364,Regular,0
50,67109,Bueno,14379,Malo,0
53,43467,Bueno,1922,Bueno,1
63,20309,Regular,12104,Excelente,0
53,60558,Malo,11120,Bueno,0
31,66894,Bueno,5835,Regular,1
25,19333,Bueno,570,Malo,0
40,39013,Regular,10874,Excelente,0
61,92213,Malo,24353,Regular,0
47,21622,Regular,8795,Regular,0
31,87532,Malo,32742,Bueno,0
44,27342,Bueno,7069,Excelente,1
69,78137,Regular,25240,Bueno,0
43,61126,Bueno,26837,Regular,0
43,81569,Regular,26653,Regular,0
64,78107,Malo,34444,Excelente,0
36,38085,Malo,10707,Bueno,0
28,80156,Malo,1933,Excelente,0
58,72514,Regular,747,Bueno,0
28,72085,Bueno,14084,Bueno,1
54,70580,Regular,41600,Regular,1
38,63622,Malo,20630,Excelente,0
24,47081,Bueno,1867,Malo,0
43,60016,Malo,13784,Excelente,0
28,72833,Bueno,11932,Malo,0
60,36201,Bueno,21657,Regular,0
48,50397,Regular,4449,Excelente,0
34,32778,Regular,1078,Regular,1
28,60539,Malo,35627,Malo,0
64,74914,Malo,14759,Excelente,0
34,78072,Malo,30646,Bueno,0
26,37170,Malo,15167,Regular,0
47,21470,Regular,4642,Bueno,1
37,52608,Bueno,29745,Regular,0
38,68683,Bueno,25486,Regular,0
42,77442,Regular,41280,Bueno,0
52,93874,Regular,19546,Regular,0
70,42046,Bueno,372,Regular,1
70,22448,Malo,2131,Excelente,0
37,54545,Bueno,25206,Bueno,1
58,49571,Regular,11955,Malo,0
46,38432,Bueno,11817,Bueno,1
31,34924,Malo,11133,Excelente,0
31,53798,Bueno,14048,Bueno,1
61,24411,Malo,3904,Bueno,0
30,98734,Bueno,15560,Bueno,1
45,17085,Malo,5859,Regular,0
29,31395,Regular,6212,Bueno,0
62,34047,Regular,6513,Malo,0
18,88275,Bueno,39466,Malo,0
59,89917,Bueno,13718,Malo,0
40,38116,Malo,199,Bueno,0
62,28124,Regular,2307,Malo,0
39,29067,Bueno,7151,Regular,0
28,92507,Bueno,28264,Bueno,1
43,74443,Regular,39893,Malo,0
39,54094,Malo,9888,Regular,0
48,71491,Regular,16715,Bueno,0
40,70317,Regular,42016,Excelente,0
40,65052,Regular,20059,Bueno,1
48,43302,Bueno,12009,Bueno,1
44,75163,Regular,13675,Bueno,0
28,92450,Regular,51186,Regular,1
70,85292,Malo,8496,Malo,0
60,97771,Malo,29535,Bueno,0
43,50858,Regular,22742,Excelente,1
22,69218,Bueno,5002,Malo,0
47,78549,Regular,32329,Regular,0
41,71723,Regular,1377,Malo,0
61,46284,Bueno,27639,Bueno,1
38,28300,Malo,11332,Malo,0
62,83950,Regular,29,Regular,0
36,75303,Regular,36322,Malo,0
44,64334,Regular,22932,Malo,0
26,28021,Bueno,1854,Bueno,1
41,82923,Regular,11059,Excelente,0
55,27829,Malo,15496,Bueno,0
44,66288,Regular,25880,Excelente,0
62,51659,Malo,13972,Bueno,0
40,17743,Bueno,7251,Excelente,1
46,24452,Regular,14232,Excelente,1
35,60751,Regular,5535,Regular,1
55,97047,Bueno,8434,Bueno,1
50,87848,Regular,48229,Regular,1
40,29707,Malo,86,Malo,0
64,83548,Regular,5465,Excelente,0
23,62098,Malo,24733,Excelente,0
23,87854,Regular,177,Regular,0
48,51486,Malo,16328,Excelente,0
67,76119,Malo,17269,Regular,0
45,81252,Regular,22905,Excelente,1
62,47828,Bueno,494,Excelente,1
57,29011,Bueno,4603,Malo,0
21,25768,Regular,7703,Excelente,0
66,94547,Malo,49564,Regular,0
55,64831,Bueno,31513,Malo,0
44,27311,Bueno,330,Excelente,1
46,69911,Regular,29444,Excelente,1
60,25844,Malo,5953,Regular,0
18,73678,Regular,32332,Malo,0
53,42750,Bueno,21396,Regular,0
25,86472,Regular,49098,Excelente,1
44,21657,Bueno,5538,Excelente,1
67,16030,Regular,3251,Regular,1
52,89139,Malo,41812,Regular,0
18,50025,Bueno,13540,Excelente,1
35,74810,Regular,21163,Regular,1
49,77961,Bueno,26263,Excelente,1
53,80048,Regular,31045,Regular,0
36,44535,Malo,10112,Regular,0
57,82297,Bueno,23472,Bueno,1
18,61068,Malo,34835,Excelente,0
70,95377,Malo,1936,Bueno,0
59,60829,Bueno,24290,Regular,0
51,26393,Regular,9863,Excelente,1
49,69418,Bueno,6450,Bueno,1
70,69089,Bueno,39885,Regular,0
64,68941,Malo,38403,Regular,0
31,85343,Malo,45724,Regular,0
48,22733,Malo,4493,Regular,0
51,69271,Bueno,471,Bueno,1
28,51233,Malo,26976,Malo,0
37,90389,Malo,20646,Regular,0
43,86752,Bueno,38108,Excelente,1
70,40829,Regular,16282,Malo,0
63,74779,Bueno,15467,Excelente,1
27,47146,Malo,27393,Malo,0
39,28528,Bueno,4856,Bueno,1
35,39576,Bueno,9637,Excelente,1
65,41956,Malo,10300,Bueno,0
20,43898,Bueno,20906,Excelente,1
66,71546,Malo,10200,Malo,0
46,38236,Regular,7338,Excelente,1
21,21929,Malo,3105,Bueno,0
20,41139,Malo,17610,Excelente,0
31,85229,Bueno,30179,Malo,0
54,81493,Bueno,24672,Regular,0
33,58706,Regular,13038,Malo,0
51,62066,Regular,3903,Regular,0
28,68997,Regular,1474,Malo,0
46,29351,Regular,8087,Malo,0
37,65843,Malo,27915,Excelente,0
53,90808,Regular,9507,Bueno,1
70,93211,Regular,20924,Malo,0
44,51171,Malo,21538,Malo,0
37,57722,Malo,29845,Regular,0
59,49871,Bueno,20552,Excelente,1
55,32226,Malo,6156,Bueno,0
39,96079,Malo,24447,Excelente,0
41,98365,Regular,18850,Malo,0
30,57765,Regular,33907,Regular,1
30,92468,Malo,27497,Malo,0
48,61788,Bueno,21854,Excelente,1
25,56331,Bueno,4233,Regular,1
29,71278,Malo,16259,Excelente,0
54,98457,Malo,43965,Bueno,0
31,67919,Malo,29471,Excelente,0
42,62830,Malo,14092,Bueno,0
61,19916,Malo,3800,Excelente,0
56,31042,Malo,16842,Malo,0
39,55278,Malo,11402,Regular,0
61,46123,Regular,14041,Excelente,1
48,32770,Malo,18890,Regular,0
25,81078,Bueno,48459,Excelente,1
50,63629,Malo,19846,Malo,0
42,20580,Malo,5184,Malo,0
58,68907,Regular,34940,Bueno,0
51,74124,Malo,25219,Regular,0
30,77256,Bueno,3743,Bueno,1
45,44672,Bueno,17445,Regular,0
35,29491,Regular,10155,Excelente,0
39,85381,Regular,35714,Regular,1
58,62364,Malo,10067,Malo,0
59,24619,Malo,1969,Regular,0
38,81588,Malo,18844,Bueno,0
50,19094,Regular,7804,Regular,0
52,30451,Malo,6365,Excelente,0
27,71886,Regular,10616,Regular,0
68,95081,Bueno,35240,Regular,0
39,20165,Malo,9804,Bueno,0
60,21626,Regular,684,Excelente,0
19,92765,Regular,41567,Regular,1
18,35249,Regular,2130,Regular,0
24,71114,Malo,9753,Regular,0
32,75378,Regular,4210,Malo,0
56,43602,Regular,15822,Excelente,0
45,75617,Bueno,16370,Bueno,1
53,61292,Malo,15898,Excelente,0
22,65970,Regular,25858,Regular,1
24,93992,Bueno,23810,Regular,1
51,80482,Malo,30369,Malo,0
42,88302,Malo,16839,Malo,0
35,38219,Malo,22005,Bueno,0
24,99759,Bueno,58818,Excelente,1
46,37793,Bueno,1830,Regular,1
53,24663,Bueno,4267,Malo,0
68,28710,Regular,13426,Regular,1
50,68633,Bueno,22683,Regular,0
47,35801,Regular,11208,Regular,0
39,60323,Regular,5215,Malo,0
44,81613,Bueno,47239,Excelente,1
43,99847,Bueno,23398,Excelente,1
23,89018,Bueno,8366,Excelente,1
19,44201,Bueno,19098,Excelente,1
23,68325,Malo,37261,Regular,0
35,98157,Bueno,43018,Malo,0
45,81006,Malo,48267,Regular,0
60,53274,Malo,12646,Excelente,0
42,52601,Malo,14312,Malo,0
42,74861,Bueno,4472,Bueno,1
25,52123,Regular,27692,Regular,1
47,85787,Malo,45397,Excelente,0
68,54022,Malo,6564,Excelente,0
35,19108,Malo,8792,Bueno,0
30,53279,Malo,29189,Excelente,0
30,28743,Regular,6924,Bueno,1
70,63998,Bueno,13706,Malo,0
42,56390,Malo,18193,Excelente,0
57,41956,Bueno,12140,Malo,0
28,48544,Bueno,13440,Excelente,1
60,69481,Regular,12942,Excelente,0
50,42283,Bueno,19666,Malo,0
68,37459,Bueno,868,Regular,1
21,71109,Regular,15876,Regular,0
42,35010,Regular,18662,Malo,0
30,26179,Malo,7812,Excelente,0
70,64779,Bueno,10237,Excelente,1
20,15094,Bueno,4280,Bueno,1
51,66608,Bueno,24404,Excelente,1
49,87566,Malo,8994,Excelente,0
46,25126,Malo,2378,Regular,0
25,96116,Regular,42610,Malo,0
55,74964,Malo,34756,Regular,0
52,15556,Bueno,6857,Malo,0
65,80797,Regular,44059,Excelente,0
59,31203,Bueno,12686,Regular,0
50,24551,Malo,13456,Regular,0
38,27365,Regular,10814,Regular,1
60,32626,Bueno,4142,Excelente,1
35,94517,Malo,51714,Excelente,0
66,75910,Regular,44753,Regular,1
28,89381,Regular,30985,Excelente,1
29,97573,Regular,56387,Regular,0
48,38957,Bueno,21270,Regular,0
20,36127,Malo,9771,Malo,0
66,28110,Bueno,1250,Regular,0
26,60812,Bueno,7598,Excelente,1
34,45072,Regular,17857,Bueno,0
66,15756,Regular,7700,Bueno,0
22,93042,Malo,7042,Malo,0
39,95429,Malo,26159,Bueno,0
28,75615,Regular,11225,Excelente,0
38,65500,Malo,27186,Malo,0
54,83909,Malo,28349,Regular,0
58,53303,Regular,6442,Malo,0
28,23818,Regular,11273,Regular,1
57,20661,Regular,7409,Excelente,0
66,30408,Regular,9214,Malo,0
28,72944,Bueno,17737,Malo,0
50,72669,Regular,9080,Excelente,1
30,48134,Malo,14568,Malo,0
28,62373,Regular,33836,Excelente,1
61,96258,Malo,20724,Excelente,0
46,93107,Regular,43865,Bueno,0
27,17006,Malo,9532,Excelente,0
34,69573,Malo,20156,Excelente,0
56,52783,Bueno,10169,Bueno,1
23,48130,Regular,14456,Regular,0
40,75057,Regular,10420,Malo,0
50,39804,Malo,15257,Excelente,0
56,79212,Regular,33574,Regular,0
25,53135,Bueno,127,Excelente,1
55,47546,Malo,2916,Excelente,0
45,96043,Malo,2882,Excelente,0
57,97227,Bueno,29472,Excelente,1
64,32370,Regular,3122,Bueno,1
43,83631,Regular,12922,Regular,0
50,53789,Bueno,24802,Excelente,1
54,51883,Malo,26003,Bueno,0
36,45755,Malo,6306,Regular,0
44,72983,Regular,13283,Regular,0
66,30810,Bueno,17814,Regular,1
31,27101,Malo,7238,Regular,0
42,81488,Malo,35267,Regular,0
30,28244,Malo,1673,Bueno,0
37,19778,Malo,5334,Malo,0
36,83791,Malo,15078,Regular,0
54,44712,Bueno,13727,Malo,0
33,89888,Malo,3858,Bueno,0
26,55071,Bueno,3276,Regular,0
22,59508,Bueno,16401,Bueno,1
45,42978,Regular,4858,Malo,0
53,22485,Regular,6493,Bueno,1
57,69622,Regular,4129,Bueno,0
38,53159,Malo,27350,Regular,0
43,29104,Malo,6461,Malo,0
61,60806,Malo,12845,Bueno,0
68,61886,Bueno,23479,Malo,0
57,40410,Malo,7134,Excelente,0
56,59954,Malo,14050,Malo,0
36,83895,Bueno,42280,Malo,0
61,38023,Bueno,17932,Regular,0
28,53311,Malo,13934,Excelente,0
30,51856,Bueno,14561,Bueno,1
58,30798,Bueno,6113,Bueno,1
32,17891,Malo,3912,Regular,0
67,85015,Regular,15906,Malo,0
37,40595,Bueno,23403,Malo,0
68,41291,Malo,3375,Malo,0
18,81981,Bueno,47192,Bueno,1
26,68293,Malo,15742,Excelente,0
22,31750,Malo,5664,Malo,0
52,21689,Malo,10376,Regular,0
50,28714,Regular,924,Regular,0
35,35985,Bueno,13066,Bueno,1
27,57914,Malo,8824,Excelente,0
62,41145,Malo,13523,Bueno,0
64,92856,Bueno,514,Regular,0
58,41804,Regular,13423,Excelente,0
56,32541,Malo,4680,Malo,0
44,85654,Malo,26720,Malo,0
35,73379,Bueno,26535,Excelente,1
30,38256,Malo,657,Bueno,0
66,35970,Bueno,5665,Bueno,1
19,49860,Malo,761,Malo,0
33,46442,Malo,25136,Excelente,0
42,56305,Bueno,25483,Malo,0
34,16785,Bueno,6866,Regular,0
52,95739,Malo,37667,Regular,0
41,94915,Malo,22977,Excelente,0
61,43350,Bueno,16885,Bueno,1
37,57541,Regular,8218,Malo,0
61,58109,Malo,24609,Bueno,0
31,40235,Regular,7812,Excelente,1
26,28386,Regular,6429,Malo,0
48,42449,Regular,18894,Bueno,1
25,89778,Malo,4917,Malo,0
21,93654,Bueno,48949,Regular,1
29,85097,Regular,50823,Malo,0
19,58483,Regular,26913,Regular,0
66,89289,Regular,34349,Bueno,0
27,76147,Malo,12338,Excelente,0
34,31573,Malo,5534,Excelente,0
19,93341,Malo,5652,Excelente,0
59,56361,Regular,11305,Malo,0
66,29758,Bueno,9614,Malo,0
26,91589,Regular,18946,Excelente,0
25,54296,Regular,6453,Excelente,1
31,59043,Regular,32975,Excelente,1
55,74455,Regular,7672,Regular,0
28,81717,Regular,40084,Malo,0
18,91316,Bueno,31109,Malo,0
19,87853,Regular,3750,Excelente,0
32,30645,Bueno,7050,Excelente,1
69,30969,Bueno,13309,Bueno,1
20,88443,Malo,46198,Bueno,0
48,37229,Regular,1657,Excelente,0
31,77167,Regular,32087,Bueno,1
69,32041,Bueno,536,Regular,1
43,72264,Bueno,19007,Excelente,1
34,59662,Malo,29596,Bueno,0
47,51440,Malo,8231,Malo,0
67,71809,Regular,23858,Regular,1
66,19912,Regular,10309,Excelente,0
52,29938,Malo,17583,Bueno,0
55,21318,Regular,6822,Regular,1
33,40595,Malo,21,Malo,0
63,63580,Regular,35688,Regular,1
33,45646,Malo,23756,Excelente,0
68,61989,Malo,18432,Excelente,0
44,63034,Malo,30671,Regular,0
62,52159,Regular,598,Regular,0
57,54782,Regular,22253,Malo,0
66,47245,Malo,24885,Regular,0
46,95964,Malo,23535,Malo,0
24,63877,Malo,18901,Bueno,0
22,90214,Malo,9440,Excelente,0
54,18792,Malo,9167,Excelente,0
69,70599,Malo,2049,Bueno,0
39,93122,Malo,39277,Excelente,0
65,85916,Malo,29893,Malo,0
62,65321,Malo,38549,Malo,0
53,54471,Bueno,19253,Excelente,1
26,17132,Malo,1142,Excelente,0
36,98959,Malo,33874,Excelente,0
21,52129,Bueno,7585,Malo,0
45,60663,Malo,8601,Excelente,0
44,22175,Regular,4152,Excelente,0
29,32536,Regular,712,Malo,0
61,74691,Bueno,7191,Bueno,1
36,71815,Malo,25449,Bueno,0
20,47535,Malo,3633,Malo,0
19,21375,Regular,4412,Excelente,1
25,17825,Malo,6607,Bueno,0
56,20871,Malo,12430,Excelente,0
65,21035,Malo,11894,Bueno,0
50,59609,Bueno,34036,Bueno,1
35,29596,Malo,2790,Regular,0
30,34439,Malo,11580,Regular,0
33,69046,Bueno,8531,Regular,0
24,64164,Regular,19201,Excelente,1
46,66899,Malo,23673,Bueno,0
30,27058,Regular,208,Excelente,0
18,22015,Bueno,11085,Malo,0
68,32242,Malo,1143,Regular,0
34,74666,Malo,31967,Regular,0
41,75286,Malo,8034,Excelente,0
38,57110,Malo,16866,Regular,0
70,79306,Bueno,31590,Malo,0
65,84700,Regular,12175,Regular,1
35,60644,Regular,19308,Excelente,0
60,94884,Bueno,13836,Regular,0
31,35454,Regular,820,Regular,0
23,28498,Malo,10320,Regular,0
68,91533,Malo,25673,Regular,0
22,56808,Bueno,25944,Bueno,1
46,87790,Regular,43886,Regular,1
24,85867,Malo,43735,Bueno,0
67,89193,Malo,3549,Excelente,0
56,98723,Regular,10820,Excelente,0
30,31097,Regular,1175,Regular,0
40,44562,Regular,12164,Bueno,1
66,48691,Malo,15598,Excelente,0
57,99895,Bueno,56798,Regular,1
18,18019,Regular,4148,Regular,0
61,27869,Regular,6545,Bueno,0
65,81473,Regular,8726,Malo,0
25,77115,Malo,29642,Malo,0
24,54542,Bueno,979,Excelente,1
62,50193,Malo,16944,Malo,0
32,83961,Regular,7916,Regular,0
37,52492,Regular,1380,Excelente,1
61,47596,Malo,16675,Bueno,0
42,92291,Malo,18281,Malo,0
67,99962,Bueno,21974,Excelente,1
30,83314,Regular,23962,Regular,1
28,21943,Regular,6015,Bueno,0
34,30593,Malo,4851,Malo,0
39,94035,Regular,27107,Malo,0
59,16248,Regular,8594,Excelente,1
30,93633,Malo,10715,Regular,0
30,79893,Bueno,6628,Malo,0
23,19434,Malo,10103,Excelente,0
65,60824,Bueno,20956,Malo,0
45,47642,Malo,16922,Regular,0
66,55471,Regular,33073,Malo,0
51,93617,Bueno,38430,Bueno,1
42,71168,Regular,41975,Excelente,0
36,87028,Malo,30113,Bueno,0
58,83408,Regular,47278,Regular,0
54,73628,Regular,23112,Bueno,1
45,81259,Regular,20678,Malo,0
31,26263,Malo,3727,Malo,0
43,30752,Malo,17618,Malo,0
42,86754,Bueno,38069,Excelente,1
66,73357,Bueno,8977,Bueno,1
64,22013,Regular,4966,Regular,0
25,89307,Malo,35923,Excelente,0
38,71220,Malo,7376,Bueno,0
45,49709,Bueno,14011,Bueno,1
64,85187,Regular,10225,Bueno,0
20,91271,Regular,2543,Regular,1
34,63128,Bueno,22702,Regular,0
64,33884,Regular,2078,Regular,1
58,54659,Regular,6515,Malo,0
24,60477,Malo,11798,Bueno,0
28,27593,Regular,7054,Excelente,0
69,85885,Regular,47296,Regular,0
55,99889,Bueno,54653,Malo,0
49,96039,Regular,18816,Bueno,0
68,30530,Regular,9925,Malo,0
60,79910,Malo,19873,Excelente,0
29,54455,Regular,20781,Bueno,1
30,57448,Malo,24166,Regular,0
59,25523,Regular,1203,Bueno,0
70,49469,Regular,29274,Regular,1
61,50188,Regular,8171,Bueno,0
59,15483,Malo,8968,Regular,0
66,89257,Regular,10018,Malo,0
54,99573,Malo,50364,Regular,0
19,31804,Malo,18692,Regular,0
47,40376,Regular,18422,Excelente,0
48,43930,Malo,14289,Excelente,0
51,81860,Regular,2558,Regular,0
69,26479,Regular,732,Regular,0
52,42479,Malo,14739,Excelente,0
25,71084,Bueno,18460,Malo,0
70,86617,Malo,569,Regular,0
35,49331,Malo,14527,Excelente,0
39,87157,Malo,17278,Malo,0
37,92488,Malo,52370,Regular,0
53,26811,Bueno,14911,Malo,0
41,77183,Malo,39015,Malo,0
42,18041,Regular,2546,Excelente,0
19,37773,Malo,15347,Malo,0
60,37924,Malo,19931,Bueno,0
68,64690,Bueno,32542,Regular,1
25,58468,Bueno,27840,Regular,1
44,94244,Bueno,25779,Regular,0
62,19406,Bueno,1566,Excelente,1
38,37111,Regular,20392,Excelente,1
35,65112,Malo,15384,Excelente,0
34,83055,Bueno,45372,Bueno,1
38,86017,Malo,29432,Malo,0
64,59062,Malo,1024,Regular,0
46,64761,Regular,38240,Regular,0
63,30808,Malo,8005,Bueno,0
55,15474,Bueno,1380,Malo,0
43,49359,Regular,1359,Excelente,1
37,51926,Regular,3942,Regular,1
18,84907,Malo,15874,Malo,0
25,89502,Regular,40626,Malo,0
30,53222,Malo,22941,Regular,0
69,85588,Regular,45624,Excelente,0
36,50638,Malo,21204,Regular,0
65,86617,Regular,15330,Regular,0
20,98041,Bueno,45565,Excelente,1
41,43822,Regular,3412,Regular,1
19,87844,Regular,9897,Malo,0
28,99839,Bueno,28922,Regular,0
66,23888,Malo,7544,Malo,0
22,28020,Bueno,3096,Excelente,1
25,52995,Regular,24204,Excelente,1
18,44070,Malo,12079,Excelente,0
43,69272,Bueno,459,Excelente,1
48,83911,Regular,13383,Regular,1
29,41276,Regular,121,Regular,1
18,50786,Regular,26165,Excelente,1
62,29373,Regular,6049,Malo,0
64,93304,Regular,7180,Excelente,0
63,72773,Regular,19499,Excelente,0
67,48053,Bueno,2094,Bueno,1
22,15871,Malo,225,Bueno,0
70,71214,Malo,27824,Malo,0
18,52361,Regular,13948,Regular,0
52,63839,Malo,14390,Excelente,0
58,49319,Bueno,15599,Regular,0
63,89643,Regular,36391,Regular,1
33,52568,Malo,5966,Excelente,0
58,75246,Malo,35158,Excelente,0
40,27081,Malo,7900,Bueno,0
49,47379,Malo,1076,Excelente,0
38,55614,Malo,13562,Bueno,0
49,74794,Bueno,17304,Regular,0
21,26247,Bueno,8912,Malo,0
27,30389,Malo,11397,Bueno,0
23,51936,Bueno,8767,Bueno,1
24,38631,Bueno,13576,Malo,0
62,69813,Bueno,40552,Malo,0
39,93612,Regular,1670,Excelente,0
37,48966,Malo,7901,Bueno,0
21,88629,Regular,35640,Bueno,1
43,46167,Regular,19134,Malo,0
45,34855,Regular,9264,Malo,0
23,82622,Regular,26197,Regular,0
20,59203,Regular,23854,Bueno,1
48,41105,Bueno,12757,Bueno,1
20,27921,Regular,9860,Bueno,0
47,36764,Malo,10961,Malo,0
48,78705,Bueno,27224,Excelente,1
62,91732,Regular,2297,Regular,0
51,15554,Regular,33,Regular,0
35,53467,Regular,17758,Regular,0
25,67802,Bueno,28457,Malo,0
62,67241,Regular,14216,Excelente,0
45,35535,Malo,12649,Regular,0
61,51361,Malo,19975,Bueno,0
40,80326,Bueno,2807,Bueno,1
34,56806,Regular,16348,Malo,0
25,72123,Bueno,17264,Bueno,1
20,64528,Regular,23345,Excelente,1
24,50196,Bueno,28916,Regular,1
35,78276,Bueno,24355,Excelente,1
32,43442,Bueno,1373,Excelente,1
28,40377,Bueno,23633,Bueno,1
40,69140,Malo,24680,Malo,0
61,63536,Regular,18070,Regular,1
67,47602,Regular,18006,Regular,0
27,43655,Bueno,4883,Regular,0
61,48928,Malo,5007,Malo,0
28,34081,Malo,6867,Malo,0
68,30038,Regular,3830,Malo,0
27,82473,Malo,2847,Malo,0
37,82359,Bueno,17118,Bueno,1
59,94535,Regular,28748,Excelente,0
49,19172,Bueno,9694,Malo,0
58,98156,Regular,25868,Excelente,0
27,51113,Malo,28090,Malo,0
39,89282,Regular,47247,Bueno,1
53,41217,Bueno,363,Excelente,1
24,43392,Bueno,16893,Regular,0
37,82411,Bueno,48638,Malo,0
18,77557,Regular,32320,Bueno,1
32,15741,Malo,7455,Regular,0
41,31971,Malo,3855,Malo,0
45,40127,Malo,18222,Bueno,0
24,22774,Malo,4030,Regular,0
58,33225,Malo,19788,Regular,0
32,31505,Bueno,6951,Malo,0
31,27895,Malo,1805,Bueno,0
67,94001,Regular,51736,Malo,0
23,24601,Regular,6849,Regular,0
64,55145,Bueno,22238,Bueno,1
20,70009,Bueno,38916,Malo,0
60,80695,Malo,38051,Malo,0
27,17672,Malo,2627,Malo,0
46,48615,Malo,7338,Regular,0
26,16205,Bueno,3042,Malo,0
22,31337,Regular,17794,Regular,0
45,37697,Regular,15192,Excelente,0
50,93820,Malo,2295,Bueno,0
38,85015,Regular,10349,Malo,0
48,38765,Regular,12181,Malo,0
38,76910,Malo,11106,Malo,0
61,99819,Regular,42144,Bueno,0
29,72892,Malo,3185,Bueno,0
30,89490,Bueno,13592,Bueno,1
34,17792,Bueno,9602,Malo,0
24,46560,Bueno,432,Regular,1
65,45286,Malo,22394,Excelente,0
21,17712,Bueno,7963,Regular,0
30,33212,Regular,16333,Malo,0
37,77943,Regular,12587,Bueno,0
68,75027,Bueno,29483,Malo,0
32,17334,Bueno,8499,Malo,0
24,86989,Malo,11688,Malo,0
23,87997,Bueno,26488,Regular,0
40,49566,Bueno,1406,Regular,1
56,86152,Regular,35547,Excelente,0
50,64648,Bueno,24312,Regular,0
31,42832,Bueno,3377,Malo,0
25,71811,Bueno,28275,Malo,0
67,72711,Regular,2494,Regular,0
20,60452,Malo,20211,Excelente,0
34,59980,Bueno,29795,Malo,0
21,65707,Regular,26326,Malo,0
51,25923,Bueno,4245,Excelente,1
25,80465,Malo,38624,Bueno,0
23,84591,Malo,39570,Excelente,0
38,96279,Bueno,6351,Bueno,1
46,25825,Regular,5498,Bueno,1
22,95302,Bueno,22480,Bueno,1
29,65252,Bueno,34015,Excelente,1
37,79844,Regular,38742,Excelente,0
48,92938,Bueno,46535,Regular,1
63,47671,Malo,21493,Regular,0
43,87538,Bueno,2324,Regular,0
53,74570,Bueno,32554,Regular,0
18,70822,Regular,20041,Bueno,1
66,67691,Malo,21351,Regular,0
25,96246,Regular,38098,Excelente,0
43,26417,Malo,2288,Malo,0
69,65366,Regular,31012,Excelente,0
40,22648,Bueno,6563,Bueno,1
41,76698,Malo,37274,Regular,0
67,95895,Bueno,44477,Regular,0
36,78297,Regular,29119,Regular,1
54,43024,Bueno,23004,Excelente,1
21,58099,Bueno,24848,Bueno,1
27,26823,Bueno,6955,Malo,0
37,39010,Regular,20234,Bueno,0
31,22015,Regular,2201,Bueno,0
19,17563,Malo,819,Excelente,0
40,39011,Regular,1261,Malo,0
53,58060,Bueno,8578,Excelente,1
51,24544,Malo,10410,Regular,0
54,87956,Malo,7489,Regular,0
46,57403,Bueno,25314,Excelente,1
32,76367,Bueno,6523,Excelente,1
25,57416,Malo,20693,Excelente,0
30,27708,Bueno,8409,Bueno,1
62,31070,Malo,14546,Malo,0
19,95806,Regular,55298,Malo,0
30,53401,Bueno,28651,Malo,0
28,87871,Regular,45457,Bueno,1
50,65031,Regular,31149,Regular,1
55,51012,Regular,14703,Excelente,0
55,76509,Bueno,11213,Malo,0
57,74206,Bueno,39591,Regular,0
46,80485,Bueno,20996,Malo,0
53,42960,Malo,11020,Bueno,0
66,19751,Regular,10733,Regular,1
39,81164,Bueno,10683,Excelente,1
20,83636,Bueno,3048,Regular,0
63,35955,Regular,12128,Regular,0
62,40313,Regular,19077,Bueno,1
21,77574,Malo,32127,Bueno,0
47,46361,Malo,20570,Excelente,0
30,15271,Malo,1759,Bueno,0
18,41876,Bueno,4491,Excelente,1
40,81380,Bueno,45852,Regular,0
50,42120,Malo,23540,Regular,0
26,33567,Malo,2285,Excelente,0
45,59832,Regular,19244,Excelente,1
43,48904,Bueno,15583,Excelente,1
18,45594,Bueno,2231,Malo,0
57,31043,Regular,5993,Malo,0
61,64843,Malo,5331,Excelente,0
26,92198,Bueno,22630,Malo,0
20,26553,Malo,8759,Regular,0
27,18482,Regular,4067,Bueno,0
34,65835,Regular,7464,Excelente,1
63,48017,Malo,20579,Excelente,0
52,48761,Malo,3989,Excelente,0
31,93988,Malo,36508,Regular,0
31,52423,Bueno,26048,Malo,0
20,66758,Bueno,37579,Malo,0
27,39894,Bueno,18886,Malo,0
38,18968,Malo,9402,Malo,0
26,87713,Malo,32319,Regular,0
55,50359,Malo,7108,Regular,0
21,54103,Malo,11532,Regular,0
64,74166,Bueno,8855,Excelente,1
70,76054,Malo,1202,Excelente,0
21,46563,Regular,12525,Malo,0
56,86915,Regular,747,Malo,0
28,90061,Malo,8287,Excelente,0
69,67366,Regular,32720,Excelente,1
23,53608,Bueno,30349,Regular,0
47,59778,Regular,30379,Bueno,0
40,49377,Bueno,20071,Excelente,1
67,55853,Bueno,20545,Malo,0
57,19169,Bueno,5376,Bueno,1
25,38400,Regular,21966,Bueno,1
33,53992,Bueno,28236,Bueno,1
37,89270,Bueno,48893,Regular,1
43,79158,Regular,43456,Bueno,1
22,37087,Malo,8043,Excelente,0
65,75150,Malo,19461,Bueno,0
64,28908,Regular,5044,Malo,0
35,91935,Regular,47368,Bueno,1
55,34899,Regular,14751,Excelente,0
38,91181,Bueno,30247,Excelente,1
61,47674,Malo,22402,Bueno,0
53,84150,Bueno,33814,Malo,0
22,65058,Regular,25007,Excelente,0
61,83622,Bueno,28637,Malo,0
55,75175,Bueno,25514,Excelente,1
29,75924,Regular,42449,Excelente,1
61,94499,Regular,53364,Bueno,0
20,75810,Bueno,14335,Malo,0
25,47967,Bueno,28210,Regular,1
31,56603,Regular,61,Regular,0
50,57356,Regular,14846,Bueno,0
63,59149,Bueno,31574,Regular,1
27,36417,Malo,15952,Excelente,0
28,45181,Regular,15139,Excelente,0
23,33688,Regular,3650,Bueno,0
70,75208,Malo,26643,Bueno,0
63,30609,Regular,2158,Bueno,1
28,69270,Regular,19871,Excelente,1
28,24726,Regular,10372,Bueno,0
65,69465,Regular,30257,Regular,1
40,49092,Bueno,14833,Malo,0
35,40059,Regular,5078,Regular,0
61,79726,Malo,22577,Excelente,0
21,59461,Malo,25976,Excelente,0
55,53590,Regular,13001,Malo,0
36,80549,Malo,27654,Bueno,0
43,28147,Bueno,7898,Malo,0
51,26402,Regular,13725,Bueno,0
47,55045,Regular,2106,Malo,0
63,90713,Bueno,18798,Malo,0
52,78660,Malo,34541,Excelente,0
42,62905,Bueno,3343,Excelente,1
37,73766,Regular,41874,Excelente,1
62,26820,Malo,3953,Regular,0
28,98389,Malo,2191,Regular,0
42,59565,Malo,29201,Regular,0
54,96265,Regular,11503,Malo,0
52,80813,Regular,41800,Regular,1
52,49556,Bueno,13294,Bueno,1
24,32396,Bueno,14091,Bueno,1
34,62673,Malo,28784,Excelente,0
64,36890,Malo,3648,Excelente,0
46,38341,Regular,20610,Bueno,0
69,40570,Bueno,5367,Excelente,1
44,93939,Regular,22926,Bueno,1
56,99025,Regular,22898,Excelente,1
40,28876,Regular,16763,Excelente,1
22,54169,Bueno,19992,Bueno,1
57,27992,Malo,5346,Excelente,0
54,22296,Regular,12709,Bueno,0
59,69290,Malo,23317,Malo,0
25,43646,Malo,11917,Malo,0
41,86423,Malo,38891,Regular,0
45,98326,Regular,15808,Malo,0
66,63945,Regular,13805,Regular,1
51,46770,Bueno,25282,Regular,1
60,71844,Bueno,5062,Excelente,1
39,71651,Malo,36420,Malo,0
28,67877,Malo,19358,Regular,0
31,74486,Bueno,38393,Regular,1
66,38405,Bueno,20709,Regular,1
53,62658,Malo,4122,Excelente,0
44,73971,Malo,39175,Excelente,0
59,72494,Regular,28838,Malo,0
48,61713,Bueno,7839,Regular,1
22,41098,Regular,900,Regular,0
62,71985,Bueno,34435,Excelente,1
65,49957,Malo,26603,Excelente,0
64,69672,Regular,37480,Malo,0
35,85290,Bueno,43048,Excelente,1
55,29065,Malo,4655,Regular,0
38,66757,Bueno,29474,Excelente,1
31,34706,Bueno,4323,Regular,1
48,98654,Bueno,53954,Malo,0
67,58255,Malo,34937,Malo,0
53,47697,Bueno,7122,Regular,0
19,34736,Bueno,19419,Excelente,1
19,69320,Malo,10592,Regular,0
40,93225,Bueno,41328,Excelente,1
30,99134,Malo,40926,Regular,0
32,65156,Bueno,15623,Regular,1
21,79365,Malo,3580,Malo,0
66,31587,Bueno,6701,Malo,0
19,26228,Regular,7669,Bueno,0
31,71575,Regular,9484,Regular,1
44,70461,Malo,7841,Bueno,0
38,65771,Regular,13112,Excelente,0
23,62995,Bueno,28108,Excelente,1
39,43159,Bueno,5410,Malo,0
33,50982,Malo,11325,Excelente,0
69,57165,Regular,20944,Malo,0
27,81510,Bueno,38889,Excelente,1
49,54884,Malo,27957,Regular,0
24,45272,Malo,23601,Bueno,0
30,56834,Bueno,23513,Excelente,1
38,22213,Regular,7470,Regular,0
25,83047,Regular,36556,Bueno,1
68,23022,Regular,1874,Regular,1
34,90630,Malo,48728,Malo,0
57,67548,Malo,14818,Excelente,0
49,46441,Malo,3016,Malo,0
37,52673,Regular,16051,Malo,0
30,65589,Malo,7708,Bueno,0
24,98759,Regular,23819,Excelente,1
37,68974,Malo,6311,Bueno,0
31,97815,Malo,21208,Bueno,0
70,66429,Malo,31751,Bueno,0
60,84813,Bueno,44521,Bueno,1
26,32558,Bueno,12377,Regular,1
53,56923,Bueno,9621,Malo,0
58,68881,Malo,18936,Bueno,0
66,84044,Bueno,50303,Regular,1
25,59364,Malo,9672,Excelente,0
70,74557,Regular,18011,Excelente,1
42,28646,Bueno,15166,Excelente,1
54,47222,Malo,10329,Malo,0
42,79289,Regular,11489,Excelente,0
53,32890,Regular,15084,Bueno,0
68,88863,Regular,11470,Regular,0
28,80159,Regular,43394,Regular,1
34,84973,Malo,47541,Regular,0
68,51951,Regular,6107,Regular,1
46,32226,Bueno,6924,Excelente,1
69,17034,Malo,2119,Regular,0
67,30233,Malo,6432,Bueno,0
42,40462,Regular,2724,Malo,0
67,33034,Malo,5445,Regular,0
23,89700,Regular,35468,Malo,0
44,52263,Regular,18593,Regular,1
27,92234,Regular,2237,Regular,1
68,24988,Bueno,6522,Bueno,1
27,24287,Bueno,602,Excelente,1
48,81944,Bueno,43520,Bueno,1
43,64254,Malo,1351,Bueno,0
50,25465,Regular,11229,Excelente,1
60,90274,Bueno,16939,Regular,0
45,45580,Regular,23014,Regular,0
53,37193,Bueno,3901,Regular,1
58,30340,Malo,14001,Excelente,0
44,47680,Bueno,2801,Excelente,1
66,35544,Regular,21189,Bueno,0
29,78080,Malo,7208,Excelente,0
25,44544,Regular,18052,Excelente,0
45,64623,Bueno,19645,Bueno,1
28,78545,Regular,5286,Bueno,1
61,61476,Bueno,2941,Regular,0
60,49084,Regular,9840,Regular,1
19,85516,Regular,27234,Bueno,0
36,68315,Regular,10937,Malo,0
23,95195,Malo,10584,Bueno,0
36,92597,Malo,25428,Malo,0
29,78608,Regular,14790,Regular,0
43,89479,Regular,20188,Bueno,1
43,83302,Bueno,48243,Excelente,1
39,97141,Bueno,24075,Malo,0
20,26109,Bueno,14162,Regular,0
69,56611,Malo,22660,Malo,0
52,33025,Bueno,9241,Regular,1
35,78372,Bueno,32563,Bueno,1
54,58300,Malo,33061,Regular,0
64,47572,Malo,17553,Excelente,0
26,38361,Malo,1227,Regular,0
64,87010,Malo,37865,Excelente,0
58,63041,Malo,1014,Regular,0
28,53486,Malo,15497,Bueno,0
67,92206,Regular,39459,Bueno,0
20,41799,Malo,4710,Bueno,0
67,69445,Malo,20295,Excelente,0
31,16785,Malo,2203,Regular,0
40,45405,Bueno,23094,Regular,1
55,86154,Malo,9943,Regular,0
55,64222,Malo,33583,Bueno,0
35,53151,Regular,6926,Bueno,1
61,53077,Bueno,12239,Malo,0
21,84564,Bueno,27547,Bueno,1
23,93584,Bueno,27944,Malo,0
40,97477,Regular,6439,Regular,0
29,48550,Bueno,2424,Excelente,1
32,72818,Bueno,24875,Excelente,1
37,50115,Malo,1534,Regular,0
39,29104,Malo,13628,Regular,0
24,44502,Bueno,13759,Excelente,1
25,46240,Regular,10907,Bueno,0
58,81731,Bueno,10366,Excelente,1
56,91043,Regular,16309,Bueno,0
52,72609,Regular,28185,Regular,1
54,53936,Bueno,2291,Regular,1
53,89446,Regular,45420,Malo,0
48,40720,Malo,6179,Bueno,0
60,65361,Malo,16493,Malo,0
69,84446,Regular,42989,Malo,0
20,88848,Bueno,9238,Excelente,1
35,23094,Regular,9407,Bueno,0
65,97670,Regular,58358,Malo,0
38,28994,Regular,1157,Regular,0
24,51185,Regular,7919,Malo,0
60,45262,Regular,7666,Malo,0
68,59004,Malo,6032,Excelente,0
45,57723,Regular,5117,Bueno,0
59,29477,Bueno,15401,Excelente,1
40,96927,Malo,7788,Malo,0
19,97637,Bueno,28345,Malo,0
29,88517,Bueno,51977,Excelente,1
35,23250,Regular,389,Bueno,0
23,76232,Regular,34458,Malo,0
